{
    "users": [
        {
            "username": "manoj", 
            "password": "asgf"
        }, 
        {
            "username": "manoj", 
            "password": "sjfgak"
        }, 
        {
            "username": "chetan", 
            "password": "bvc"
        }, 
        {
            "username": "chethdhfchbdh", 
            "password": "bbsjhgbfbhjr"
        }, 
        {
            "username": "chethdhfchbdh", 
            "password": "bbsjhgbfbhjr"
        }, 
        {
            "username": "parsya", 
            "password": "chutya"
        }, 
        {
            "username": "parsya", 
            "password": "chutya"
        }, 
        {
            "username": "parsya", 
            "password": "chutya"
        }, 
        {
            "username": "parsya", 
            "password": "chutya"
        }, 
        {
            "username": "jdhjfsgf", 
            "password": "vqwghfhjgds"
        }, 
        {
            "username": null, 
            "password": null
        }
    ]
}