{
    "acts": [
        {
            "actId": "344",
            "username": "manoj",
            "timestamp": "12-01-3122:34-12-02",
            "caption": "akfga",
            "category": "category1",
            "imgB64": "esgfiwhfgyskfugduysfghwuief",
            "upvote": 0
        },
        {
            "actId": "345",
            "username": "manoj",
            "timestamp": "12-01-3122:34-12-02",
            "caption": "akfga",
            "category": "category1",
            "imgB64": "esgfiwhfgyskfugduysfghwuief",
            "upvote": 0
        },
        {
            "actId": "346677",
            "username": "manoj",
            "imgB64": "jbhjfgg",
            "timestamp": "12-01-3122:34-12-02",
            "category": "category1",
            "caption": "fdrdrr",
            "upvote": 0
        },
        {
            "actId": "343",
            "username": "manoj",
            "imgB64": "dsahdsfgehjbk",
            "timestamp": "12-01-3122:34-12-02",
            "category": "category1",
            "caption": "nbvcvbmnssee",
            "upvote": 0
        },
        {
            "actId": "342",
            "username": "manoj",
            "imgB64": "esgfiwhfgyskfugduysfghwuief",
            "timestamp": "12-01-3122:34-12-02",
            "category": "category1",
            "caption": "nbvcvbmnssee",
            "upvote": 0
        },
        {
            "actId": "341",
            "username": "manoj",
            "imgB64": "esgfiwhfgyskfugduysfghwuief",
            "timestamp": "12-01-3122:34-12-02",
            "category": "category1",
            "caption": "nbvcvbmnssee",
            "upvote": 0
        },
        {
            "actId": "340",
            "username": "manoj",
            "imgB64": "sadqsdded",
            "timestamp": "12-01-3122:34-12-02",
            "category": "category1",
            "caption": "nbvcvbmnssee",
            "upvote": 0
        }
    ]
}